mean_intensity,std_intensity,contrast_ratio,dynamic_range,coefficient_variation,laplacian_variance,avg_local_contrast,local_contrast_variation,entropy,peak_prominence,split,sample_id,filename,quality_group
226.96892,12.372845,0.0545133878194262,166.0,5.451338738203049,10.550050995995662,2.7064955,0.8718525408102897,5.091594249625496,12.317682263228104,train,train_sample1,6 BEEF Shoulder -1_grid_5x5_r6_c3_r8_c3.jpg,Poor Quality (Needs CLAHE)
136.78418,42.807774,0.31295851153933824,242.0,31.29585087299347,39.58611059724353,14.147078,0.7593755576599384,7.358276415827562,3.240896528718885,train,train_sample2,meattest-29_r2_c4.jpg,Good Quality (Percentile Only)
156.32477,41.6082,0.2661651145991277,241.0,26.61651074886322,37.44778345357827,14.08405,0.7897948660787812,7.374131858752254,2.7135227067781744,val,val_sample1,meattest-10_r2_c2.jpg,Medium Quality (Mild CLAHE)
151.70831,40.915592,0.2696990765895932,241.0,26.96990668773651,49.05869385467577,14.910606,0.6687881997052713,7.335531638614427,3.2251207670916457,val,val_sample2,meattest-38_r4_c4.jpg,Good Quality (Percentile Only)
191.37633,35.540104,0.18570794093603477,203.0,18.57079416513443,11.273622461299965,6.069977,0.7732109330190604,6.9021212788551765,5.063463438838907,test,test_sample1,2nd Meat_grid_5x5_r2_c0_r1_c6.jpg,Medium Quality (Mild CLAHE)
182.13963,32.248722,0.17705494041332245,208.0,17.705494165420532,17.890974003148585,7.957899,0.6446175108796168,6.999017626910238,3.160085777454658,test,test_sample2,Meat_5_22_r1_c11.jpg,Poor Quality (Needs CLAHE)
